Name,Longitude,Latitude,Date,Temp (C) (V1),Temp >15C,DO (mg/L) (V3),Stream Width >5m,Max Depth (m) (V4),% In-Stream Cover (V6),Avg % Cobble (V8),Dominant Substrate Type (V9),% Pools (V10),Vegetation Index (V11),% Streamside Vegetation (V12),pH (V13),Pool Class (V15),Avg % Embeddedness (V16),Avg % Canopy Cover (V17),V1,V3,V4,V6(A),V6(B),V8,V9,V10,V11,V12,V13,V15,V16 (B),V17
MB-PonyFarm(1),-75.12034,42.4352,7/25/2026,19.744,yes,5.33,yes,,70,0,,0,150,90,7.44,C,,10,0.8,0,1,1,1,0,,0.3,1,1,1,0.3,0.393548387,0.4
MB-8,-75.11199,42.45789,7/25/2026,19.5,yes,5.4,no,1.4,50,9.166666667,,0,160,90,7.46,,,29.57083333,0.8,0.1,1,1,1,1,,0.3,1,1,1,,0.393548387,0.7
Trib-GreaterPlains,-75.08841,42.45914,7/25/2026,17.64,yes,5.23,no,0.1,30,37.5,B,43.90243902,155,90,6.92,C,50,52.70916667,0.9,0.1,0.2,1,1,1,0.6,1,1,1,1,0.3,0.3,1
MB-23(1),-75.10938,42.47117,7/25/2026,22.54,yes,5.16,yes,1.5,20,31.66666667,A,50,135,90,7.87,A,45,24.455,0.3,0.1,1,1,1,1,1,1,1,1,1,1,0.4,0.6
Trib-Forest(1),-75.11098,42.47721,7/25/2026,,,,,,,,,,,,,,,,0,0,0,0,0,0,0,0,0,0,0,0,0,0
Trib-Spur,-75.1438,42.48153,7/25/2026,19.53,yes,5.47,yes,1.5,60,56.66666667,A,20.21276596,100,80,7.56,,28.33333333,59.55666667,0.8,0.1,1,1,1,1,1,0.8,0.8,1,1,,0.7,1
HC-23(5),-75.136,42.51,7/21/2026,19.37,yes,9.07,no,0.6,40,52.5,A,24.29906542,115,80,7.97,C,35,59.4775,0.8,1,1,1,1,1,1,0.9,0.9,1,1,0.3,0.6,1
MB-11A(1),-75.08435,42.5322,7/15/2026,20.191,yes,8.81,yes,1.4,10,39.16666667,B,55.37190083,85,60,7.9,A,35,33.5875,0.5,1,1,0.9,0.7,1,0.6,1,0.7,0.9,1,1,0.6,0.8
WC-New 2,-75.13026,42.53248,7/21/2026,17.55,yes,8.91,yes,1.8,30,46.66666667,A,37.80487805,110,80,7.5,B,40,41.53416667,0.9,1,1,1,1,1,1,1,0.8,1,1,0.6,0.5,0.8
Trib-StateLand,-75.03863,42.56437,7/14/2026,,,,,,,,,,,,,,,,0,0,0,0,0,0,0,0,0,0,0,0,0,0
Trib-11,-75.069,42.567,7/2/2026,18.65,yes,7.36,no,0.8,60,34.54545455,C,26.7,190,100,8.40,C,50,65.03583333,0.9,0.8,1,1,1,1,0.3,0.9,1,1,0.7,0.3,0.3,1
KB-205(1),-75.05496,42.57248,7/15/2026,14.108,no,8.5,yes,0.4,70,40.83333333,A,44.11764706,185,100,7.43,C,20,62.73583333,1.0,1,0.9,1,1,1,1,1,1,1,1,0.3,0.9,1
LB-Gilbert,-75.12618,42.57769,7/17/2026,20.793,yes,7.74,no,0.4,50,14.16666667,C,33.96226415,115,80,7.47,C,81.66666667,35.83083333,0.6,0.9,1,1,1,1,0.3,1,0.9,1,1,0.3,,0.8
MB-11B(1),-75.06044,42.5784,7/15/2026,20.597,yes,8.53,yes,1.5,10,52.5,A,83.15789474,120,70,8.01,B,30,21.2825,0.6,1,1,0.9,0.7,1,1,0.8,0.9,1,1,0.6,0.7,0.6
MB-11(6),-75.07095,42.58578,7/14/2026,,,,,,,,,,,,,,,,0,0,0,0,0,0,0,0,0,0,0,0,0,0
MB-Angel(1),-75.061,42.587,7/15/2026,20.28,yes,8.21,yes,0.5,20,35.83333333,C,10,175,100,8.07,C,53.33333333,41.9675,0.6,0.9,1,1,1,1,0.3,0.6,0.8,1,1,0.3,0.2,0.9
WB-Gardner Town(1),-75.07975,42.59299,7/2/2026,18.35,yes,8.19,no,1.2,60,39.16666667,C,23.3,55,40,7.20,B,53.33333333,68.8425,0.9,0.9,1,1,1,1,0.3,0.8,0.2,0.6,1,0.6,0.2,1
MB-205(5),-75.05207,42.60055,7/15/2026,19.219,yes,9.17,no,0.5,80,48.33333333,A,32,155,90,8.26,B,45,49.2325,0.8,1,1,1,1,1,1,1,1,1,0.8,0.6,0.4,1
MB-11D(1),-75.05732,42.6164,7/14/2026,21.23,yes,9.76,yes,0.8,10,33.33333,C,66.67,150,90,7.97,C,58.33,13.76,0.6,1,1,0.9,0.7,1,0.3,1,1,1,1,0.3,0.2,0.5
WB-Evans(1),-75.07866,42.61674,7/1/2026,19.13820833,yes,8.81,no,0.5,20,51.66666667,A,16.3,160,90,8.25,C,21.66666667,14.96166667,,1,1,1,1,1,1,0.7,1,1,0.8,0.3,0.9,0.5
MB-PleasantValley 2,-75.0352,42.61994,7/17/2026,12.625,no,6,no,0.3,90,41.66666667,A,41.46341463,175,100,6.81,B,46.66666667,54.79833333,1.0,0.9,1,1,1,1,1,1,1,1,1,0.6,0.4,1
WB-11(1),-75.09284,42.62083,7/14/2026,22.55,yes,9.38,yes,1.3,30,24.16667,C,33.33,160,100,7.39,A,65,49.42583,0.3,1,1,1,1,1,0.3,1,1,1,1,1,0.2,1
WB-Blue Jay Hollow(2),-75.11346,42.62401,7/2/2026,20.84,yes,7.86,no,0.1,20,28.33333333,C,43.5,125,85,6.98,C,55,79.20416667,0.6,0.9,1,1,1,1,0.3,1,1,1,1,0.3,0.2,1
WB-14(2),-75.08477,42.62452,7/1/2026,19.13820833,yes,9.92,no,0.5,50,28.75,B,31.7,177.5,95,7.51,C,41.66666667,54.18666667,,1,1,1,1,1,0.6,0.9,1,1,1,0.3,0.5,1
WB-14(4),-75.07945,42.63518,6/30/2026,20.45,yes,8.38,no,0.6,10,39.16666667,A,33.9,135,90,7.58,C,35,65.52333333,0.7,1,1,0.9,0.7,1,1,1,1,1,1,0.3,0.6,1
WB-Lena(1),-75.0962,42.63867,7/1/2026,19.13820833,yes,8.98,no,0.8,10,31.25,B,62.5,140,90,7.23,C,49.16666667,25.76833333,,1,1,0.9,0.7,1,0.6,1,1,1,1,0.3,0.3,0.6
WB-Unmarked,-75.110378,42.643449,6/30/2026,20.98,yes,7.35,no,1.6,35,,A,47.06,115,90,6.90,A,36.66666667,73.12833333,0.6,0.8,1,1,1,,1,1,0.9,1,1,1,0.6,1
MB-WHill(1),-75.07208,42.65955,7/2/2026,,,,,,,,,,,,,,,,0,0,0,0,0,0,0,0,0,0,0,0,0,0
WB-Goddard(2),-75.09023,42.66346,6/30/2026,19.71,yes,8.09,no,0.3,20,38.33333333,A,48.8,115,90,7.62,C,26.66666667,39.18583333,0.8,0.9,1,1,1,1,1,1,0.9,1,1,0.3,0.8,0.8
MB-Manley(1),-75.06813,42.67297,7/1/2026,,,,,,,,,,,,,,,,0,0,0,0,0,0,0,0,0,0,0,0,0,0
MB-Piermont(2),-75.045,42.6814,6/30/2026,,,,,,,,,,,,,,,,0,0,0,0,0,0,0,0,0,0,0,0,0,0
MB-Piermott(1),-75.04833,42.68214,6/30/2026,17.09,yes,8.26,yes,0.9,25,53.33333333,A,57.1,125,100,7.39,C,20,26.5625,1.0,0.9,1,1,1,1,1,1,1,1,1,0.3,0.9,0.6
MB-Back(2),-75.07639,42.68226,6/30/2026,,,,,,,,,,,,,,,,0,0,0,0,0,0,0,0,0,0,0,0,0,0
CB-205(1),-75.05447,42.68771,6/30/2026,17.35,yes,8.83,no,1.3,10,51.25,A,36.5,130,95,7.63,C,26.66666667,45.55916667,1.0,1,1,0.9,0.7,1,1,1,1,1,1,0.3,0.8,0.9
MB-205(1),-75.0501,42.72062,6/29/2026,18.14,yes,8.41,,0.869230769,36.66666667,36.92162005,,37.17230629,122.5,100,7.66,,41.96653333,42.88166667,0.9,1,0.767647059,0.776470588,0.741176471,0.757575758,0.578125,0.705882353,1,1,1,0.36875,0.393548387,0.9
